{
  "loss": 0.08061064779758453,
  "mae": 0.1991836130619049,
  "val_loss": 0.0759744793176651,
  "val_mae": 0.12219678610563278,
  "epoch": 76,
  "global_step": 24255
}